strategy,frequency,period_utc,return_fraction
cad_cash,year,2018,0
cad_cash,year,2019,0
cad_cash,year,2020,0
cad_cash,year,2021,0
cad_cash,year,2022,0
cad_cash,year,2023,0
cad_cash,year,2024,0
cad_cash,year,2025,0
cad_cash,month,2018-09,0
cad_cash,month,2018-10,0
cad_cash,month,2018-11,0
cad_cash,month,2018-12,0
cad_cash,month,2019-01,0
cad_cash,month,2019-02,0
cad_cash,month,2019-03,0
cad_cash,month,2019-04,0
cad_cash,month,2019-05,0
cad_cash,month,2019-06,0
cad_cash,month,2019-07,0
cad_cash,month,2019-08,0
cad_cash,month,2019-09,0
cad_cash,month,2019-10,0
cad_cash,month,2019-11,0
cad_cash,month,2019-12,0
cad_cash,month,2020-01,0
cad_cash,month,2020-02,0
cad_cash,month,2020-03,0
cad_cash,month,2020-04,0
cad_cash,month,2020-05,0
cad_cash,month,2020-06,0
cad_cash,month,2020-07,0
cad_cash,month,2020-08,0
cad_cash,month,2020-09,0
cad_cash,month,2020-10,0
cad_cash,month,2020-11,0
cad_cash,month,2020-12,0
cad_cash,month,2021-01,0
cad_cash,month,2021-02,0
cad_cash,month,2021-03,0
cad_cash,month,2021-04,0
cad_cash,month,2021-05,0
cad_cash,month,2021-06,0
cad_cash,month,2021-07,0
cad_cash,month,2021-08,0
cad_cash,month,2021-09,0
cad_cash,month,2021-10,0
cad_cash,month,2021-11,0
cad_cash,month,2021-12,0
cad_cash,month,2022-01,0
cad_cash,month,2022-02,0
cad_cash,month,2022-03,0
cad_cash,month,2022-04,0
cad_cash,month,2022-05,0
cad_cash,month,2022-06,0
cad_cash,month,2022-07,0
cad_cash,month,2022-08,0
cad_cash,month,2022-09,0
cad_cash,month,2022-10,0
cad_cash,month,2022-11,0
cad_cash,month,2022-12,0
cad_cash,month,2023-01,0
cad_cash,month,2023-02,0
cad_cash,month,2023-03,0
cad_cash,month,2023-04,0
cad_cash,month,2023-05,0
cad_cash,month,2023-06,0
cad_cash,month,2023-07,0
cad_cash,month,2023-08,0
cad_cash,month,2023-09,0
cad_cash,month,2023-10,0
cad_cash,month,2023-11,0
cad_cash,month,2023-12,0
cad_cash,month,2024-01,0
cad_cash,month,2024-02,0
cad_cash,month,2024-03,0
cad_cash,month,2024-04,0
cad_cash,month,2024-05,0
cad_cash,month,2024-06,0
cad_cash,month,2024-07,0
cad_cash,month,2024-08,0
cad_cash,month,2024-09,0
cad_cash,month,2024-10,0
cad_cash,month,2024-11,0
cad_cash,month,2024-12,0
cad_cash,month,2025-01,0
cad_cash,month,2025-02,0
cad_cash,month,2025-03,0
cad_cash,month,2025-04,0
cad_cash,month,2025-05,0
cad_cash,month,2025-06,0
cad_cash,month,2025-07,0
cad_cash,month,2025-08,0
cad_cash,month,2025-09,0
cad_cash,month,2025-10,0
cad_cash,month,2025-11,0
cad_cash,month,2025-12,0
fee_aware_btc_buy_and_hold,year,2018,-0.3957946034351680000000000021
fee_aware_btc_buy_and_hold,year,2019,0.841833188406456529769231572
fee_aware_btc_buy_and_hold,year,2020,2.915025074891287461107094919
fee_aware_btc_buy_and_hold,year,2021,0.595452739889433185026101493
fee_aware_btc_buy_and_hold,year,2022,-0.6189580353145303930093624543
fee_aware_btc_buy_and_hold,year,2023,1.514124843625297858436548844
fee_aware_btc_buy_and_hold,year,2024,1.401903936652655549649640172
fee_aware_btc_buy_and_hold,year,2025,-0.1067598364635957412381332325
fee_aware_btc_buy_and_hold,month,2018-09,0.000949485938976
fee_aware_btc_buy_and_hold,month,2018-10,-0.0138025482989800813059181305
fee_aware_btc_buy_and_hold,month,2018-11,-0.3562087102078466541233891278
fee_aware_btc_buy_and_hold,month,2018-12,-0.0492562776621403557726875591
fee_aware_btc_buy_and_hold,month,2019-01,-0.1236214379787873591641435425
fee_aware_btc_buy_and_hold,month,2019-02,0.128880480391344537965785244
fee_aware_btc_buy_and_hold,month,2019-03,0.089598370248681635355929385
fee_aware_btc_buy_and_hold,month,2019-04,0.287578462218550931084435858
fee_aware_btc_buy_and_hold,month,2019-05,0.610799965095376852021845072
fee_aware_btc_buy_and_hold,month,2019-06,0.195909036343638579080358788
fee_aware_btc_buy_and_hold,month,2019-07,-0.018756825165471758345379503
fee_aware_btc_buy_and_hold,month,2019-08,-0.0377419496407858728123811188
fee_aware_btc_buy_and_hold,month,2019-09,-0.1420801309829701843068252948
fee_aware_btc_buy_and_hold,month,2019-10,0.099132825610159238117129464
fee_aware_btc_buy_and_hold,month,2019-11,-0.1662371007925634838355014209
fee_aware_btc_buy_and_hold,month,2019-12,-0.072053355655403132707533374
fee_aware_btc_buy_and_hold,month,2020-01,0.324764072807285070564588594
fee_aware_btc_buy_and_hold,month,2020-02,-0.0748002837674211982853710205
fee_aware_btc_buy_and_hold,month,2020-03,-0.2047367246074223982997345659
fee_aware_btc_buy_and_hold,month,2020-04,0.329468774461849216856198981
fee_aware_btc_buy_and_hold,month,2020-05,0.07845989709034782110241111
fee_aware_btc_buy_and_hold,month,2020-06,-0.050057100274236378678243029
fee_aware_btc_buy_and_hold,month,2020-07,0.226375663086109660329146743
fee_aware_btc_buy_and_hold,month,2020-08,0.001796088064133078656512325
fee_aware_btc_buy_and_hold,month,2020-09,-0.0558153275222549162777462627
fee_aware_btc_buy_and_hold,month,2020-10,0.280710293499943322668448167
fee_aware_btc_buy_and_hold,month,2020-11,0.391551572275489595917069083
fee_aware_btc_buy_and_hold,month,2020-12,0.426461115826372336619170837
fee_aware_btc_buy_and_hold,month,2021-01,0.161630117439604224529220695
fee_aware_btc_buy_and_hold,month,2021-02,0.354191298263768011722181023
fee_aware_btc_buy_and_hold,month,2021-03,0.283585152079146572460894115
fee_aware_btc_buy_and_hold,month,2021-04,-0.0364338017400682979816392285
fee_aware_btc_buy_and_hold,month,2021-05,-0.3674744194767053061770830849
fee_aware_btc_buy_and_hold,month,2021-06,-0.0342223327835882084360402715
fee_aware_btc_buy_and_hold,month,2021-07,0.177764323173720392393256537
fee_aware_btc_buy_and_hold,month,2021-08,0.161288998076834043221671486
fee_aware_btc_buy_and_hold,month,2021-09,-0.0670951843182222836031540331
fee_aware_btc_buy_and_hold,month,2021-10,0.366670454459353631809599511
fee_aware_btc_buy_and_hold,month,2021-11,-0.0432982095899848250345815722
fee_aware_btc_buy_and_hold,month,2021-12,-0.1953664540216915688341296623
fee_aware_btc_buy_and_hold,month,2022-01,-0.1641177778027256794800752652
fee_aware_btc_buy_and_hold,month,2022-02,0.119480210067193178906994348
fee_aware_btc_buy_and_hold,month,2022-03,0.042216300705675826048279961
fee_aware_btc_buy_and_hold,month,2022-04,-0.1519987617189314827557037827
fee_aware_btc_buy_and_hold,month,2022-05,-0.1674055483877947758453189886
fee_aware_btc_buy_and_hold,month,2022-06,-0.3605909428130196659023851225
fee_aware_btc_buy_and_hold,month,2022-07,0.162709354880721148489082232
fee_aware_btc_buy_and_hold,month,2022-08,-0.1179978152941181282671250393
fee_aware_btc_buy_and_hold,month,2022-09,0.01840935840408723022509626
fee_aware_btc_buy_and_hold,month,2022-10,0.039252322301716112707512652
fee_aware_btc_buy_and_hold,month,2022-11,-0.1755316467767935728488189335
fee_aware_btc_buy_and_hold,month,2022-12,-0.0328664447741029553354619457
fee_aware_btc_buy_and_hold,month,2023-01,0.380630699185009738543878205
fee_aware_btc_buy_and_hold,month,2023-02,0.026221428172287434592765546
fee_aware_btc_buy_and_hold,month,2023-03,0.222361632472667510409050721
fee_aware_btc_buy_and_hold,month,2023-04,0.026726850707893746908836841
fee_aware_btc_buy_and_hold,month,2023-05,-0.0667545757736951057536726043
fee_aware_btc_buy_and_hold,month,2023-06,0.08649984101828393324554212
fee_aware_btc_buy_and_hold,month,2023-07,-0.039313670536286684172111729
fee_aware_btc_buy_and_hold,month,2023-08,-0.0893721058705117544107453402
fee_aware_btc_buy_and_hold,month,2023-09,0.044005740571725544514316356
fee_aware_btc_buy_and_hold,month,2023-10,0.314911176711865735664900035
fee_aware_btc_buy_and_hold,month,2023-11,0.062480514277917108199355704
fee_aware_btc_buy_and_hold,month,2023-12,0.092811436656232490655129136
fee_aware_btc_buy_and_hold,month,2024-01,0.023863695295412676205590207
fee_aware_btc_buy_and_hold,month,2024-02,0.450398801614583284576408887
fee_aware_btc_buy_and_hold,month,2024-03,0.162408853437246982244750381
fee_aware_btc_buy_and_hold,month,2024-04,-0.133330498622559838111612041
fee_aware_btc_buy_and_hold,month,2024-05,0.101168795568773853227688064
fee_aware_btc_buy_and_hold,month,2024-06,-0.0686094044041845680941491703
fee_aware_btc_buy_and_hold,month,2024-07,0.041802875067891239626320131
fee_aware_btc_buy_and_hold,month,2024-08,-0.1103269638000854740371579965
fee_aware_btc_buy_and_hold,month,2024-09,0.07748466228561918032925364
fee_aware_btc_buy_and_hold,month,2024-10,0.142543562240160930085345803
fee_aware_btc_buy_and_hold,month,2024-11,0.381919386466284210478437613
fee_aware_btc_buy_and_hold,month,2024-12,-0.0072375625128456044661570109
fee_aware_btc_buy_and_hold,month,2025-01,0.110319292644136713957845371
fee_aware_btc_buy_and_hold,month,2025-02,-0.1811240686656891135055152485
fee_aware_btc_buy_and_hold,month,2025-03,-0.0299058249783869257121471114
fee_aware_btc_buy_and_hold,month,2025-04,0.096358279162554716018923363
fee_aware_btc_buy_and_hold,month,2025-05,0.107634042443548698526142798
fee_aware_btc_buy_and_hold,month,2025-06,0.012606685051594675047017241
fee_aware_btc_buy_and_hold,month,2025-07,0.101104795366409051614231951
fee_aware_btc_buy_and_hold,month,2025-08,-0.0719145746234384751959102642
fee_aware_btc_buy_and_hold,month,2025-09,0.066865654718415073392079829
fee_aware_btc_buy_and_hold,month,2025-10,-0.0331456612547258746480727245
fee_aware_btc_buy_and_hold,month,2025-11,-0.1775282699059400395924078618
fee_aware_btc_buy_and_hold,month,2025-12,-0.0500726396301662168757763578
close_above_sma200,year,2018,0
close_above_sma200,year,2019,0.465722102766336000000000022
close_above_sma200,year,2020,-0.0243997881780659427668053658
close_above_sma200,year,2021,0
close_above_sma200,year,2022,0
close_above_sma200,year,2023,0
close_above_sma200,year,2024,0
close_above_sma200,year,2025,0
close_above_sma200,month,2018-09,0
close_above_sma200,month,2018-10,0
close_above_sma200,month,2018-11,0
close_above_sma200,month,2018-12,0
close_above_sma200,month,2019-01,0
close_above_sma200,month,2019-02,0
close_above_sma200,month,2019-03,0
close_above_sma200,month,2019-04,0.064048456612512000000000001
close_above_sma200,month,2019-05,0.378721323717427248977833398
close_above_sma200,month,2019-06,0.110544289516627443966854936
close_above_sma200,month,2019-07,0.000060433105189548991490341
close_above_sma200,month,2019-08,-0.0110286240955320853907229318
close_above_sma200,month,2019-09,-0.06640810972156638573994559
close_above_sma200,month,2019-10,-0.0092374123555189596101733209
close_above_sma200,month,2019-11,-0.0165750579015336538404499916
close_above_sma200,month,2019-12,0
close_above_sma200,month,2020-01,-0.0012612711144185519959232662
close_above_sma200,month,2020-02,-0.0231677378621994038944454332
close_above_sma200,month,2020-03,0
close_above_sma200,month,2020-04,0
close_above_sma200,month,2020-05,0
close_above_sma200,month,2020-06,0
close_above_sma200,month,2020-07,0
close_above_sma200,month,2020-08,0
close_above_sma200,month,2020-09,0
close_above_sma200,month,2020-10,0
close_above_sma200,month,2020-11,0
close_above_sma200,month,2020-12,0
close_above_sma200,month,2021-01,0
close_above_sma200,month,2021-02,0
close_above_sma200,month,2021-03,0
close_above_sma200,month,2021-04,0
close_above_sma200,month,2021-05,0
close_above_sma200,month,2021-06,0
close_above_sma200,month,2021-07,0
close_above_sma200,month,2021-08,0
close_above_sma200,month,2021-09,0
close_above_sma200,month,2021-10,0
close_above_sma200,month,2021-11,0
close_above_sma200,month,2021-12,0
close_above_sma200,month,2022-01,0
close_above_sma200,month,2022-02,0
close_above_sma200,month,2022-03,0
close_above_sma200,month,2022-04,0
close_above_sma200,month,2022-05,0
close_above_sma200,month,2022-06,0
close_above_sma200,month,2022-07,0
close_above_sma200,month,2022-08,0
close_above_sma200,month,2022-09,0
close_above_sma200,month,2022-10,0
close_above_sma200,month,2022-11,0
close_above_sma200,month,2022-12,0
close_above_sma200,month,2023-01,0
close_above_sma200,month,2023-02,0
close_above_sma200,month,2023-03,0
close_above_sma200,month,2023-04,0
close_above_sma200,month,2023-05,0
close_above_sma200,month,2023-06,0
close_above_sma200,month,2023-07,0
close_above_sma200,month,2023-08,0
close_above_sma200,month,2023-09,0
close_above_sma200,month,2023-10,0
close_above_sma200,month,2023-11,0
close_above_sma200,month,2023-12,0
close_above_sma200,month,2024-01,0
close_above_sma200,month,2024-02,0
close_above_sma200,month,2024-03,0
close_above_sma200,month,2024-04,0
close_above_sma200,month,2024-05,0
close_above_sma200,month,2024-06,0
close_above_sma200,month,2024-07,0
close_above_sma200,month,2024-08,0
close_above_sma200,month,2024-09,0
close_above_sma200,month,2024-10,0
close_above_sma200,month,2024-11,0
close_above_sma200,month,2024-12,0
close_above_sma200,month,2025-01,0
close_above_sma200,month,2025-02,0
close_above_sma200,month,2025-03,0
close_above_sma200,month,2025-04,0
close_above_sma200,month,2025-05,0
close_above_sma200,month,2025-06,0
close_above_sma200,month,2025-07,0
close_above_sma200,month,2025-08,0
close_above_sma200,month,2025-09,0
close_above_sma200,month,2025-10,0
close_above_sma200,month,2025-11,0
close_above_sma200,month,2025-12,0
positive_90_day_momentum,year,2018,-0.14282224614048
positive_90_day_momentum,year,2019,0.850090548942151758543413485
positive_90_day_momentum,year,2020,-0.2347594132921992461442751103
positive_90_day_momentum,year,2021,0
positive_90_day_momentum,year,2022,0
positive_90_day_momentum,year,2023,0
positive_90_day_momentum,year,2024,0
positive_90_day_momentum,year,2025,0
positive_90_day_momentum,month,2018-09,-0.02865177080184
positive_90_day_momentum,month,2018-10,-0.007933785611194892128933526
positive_90_day_momentum,month,2018-11,-0.1104808976613412028238599745
positive_90_day_momentum,month,2018-12,0
positive_90_day_momentum,month,2019-01,0
positive_90_day_momentum,month,2019-02,-0.0099837885193209559323143708
positive_90_day_momentum,month,2019-03,-0.0128628194492065912366312175
positive_90_day_momentum,month,2019-04,0.220256914913053163507657413
positive_90_day_momentum,month,2019-05,0.394220477612576613471805322
positive_90_day_momentum,month,2019-06,0.113789128026575651004010422
positive_90_day_momentum,month,2019-07,0.000062025785863931700911997
positive_90_day_momentum,month,2019-08,-0.011319259286075358921519522
positive_90_day_momentum,month,2019-09,0.010574743653721577213561288
positive_90_day_momentum,month,2019-10,-0.0001473348394767752519608264
positive_90_day_momentum,month,2019-11,0
positive_90_day_momentum,month,2019-12,0
positive_90_day_momentum,month,2020-01,0.018325073440048585114140987
positive_90_day_momentum,month,2020-02,-0.0700976384632720342738439833
positive_90_day_momentum,month,2020-03,-0.1918830646484626636868852475
positive_90_day_momentum,month,2020-04,0
positive_90_day_momentum,month,2020-05,0
positive_90_day_momentum,month,2020-06,0
positive_90_day_momentum,month,2020-07,0
positive_90_day_momentum,month,2020-08,0
positive_90_day_momentum,month,2020-09,0
positive_90_day_momentum,month,2020-10,0
positive_90_day_momentum,month,2020-11,0
positive_90_day_momentum,month,2020-12,0
positive_90_day_momentum,month,2021-01,0
positive_90_day_momentum,month,2021-02,0
positive_90_day_momentum,month,2021-03,0
positive_90_day_momentum,month,2021-04,0
positive_90_day_momentum,month,2021-05,0
positive_90_day_momentum,month,2021-06,0
positive_90_day_momentum,month,2021-07,0
positive_90_day_momentum,month,2021-08,0
positive_90_day_momentum,month,2021-09,0
positive_90_day_momentum,month,2021-10,0
positive_90_day_momentum,month,2021-11,0
positive_90_day_momentum,month,2021-12,0
positive_90_day_momentum,month,2022-01,0
positive_90_day_momentum,month,2022-02,0
positive_90_day_momentum,month,2022-03,0
positive_90_day_momentum,month,2022-04,0
positive_90_day_momentum,month,2022-05,0
positive_90_day_momentum,month,2022-06,0
positive_90_day_momentum,month,2022-07,0
positive_90_day_momentum,month,2022-08,0
positive_90_day_momentum,month,2022-09,0
positive_90_day_momentum,month,2022-10,0
positive_90_day_momentum,month,2022-11,0
positive_90_day_momentum,month,2022-12,0
positive_90_day_momentum,month,2023-01,0
positive_90_day_momentum,month,2023-02,0
positive_90_day_momentum,month,2023-03,0
positive_90_day_momentum,month,2023-04,0
positive_90_day_momentum,month,2023-05,0
positive_90_day_momentum,month,2023-06,0
positive_90_day_momentum,month,2023-07,0
positive_90_day_momentum,month,2023-08,0
positive_90_day_momentum,month,2023-09,0
positive_90_day_momentum,month,2023-10,0
positive_90_day_momentum,month,2023-11,0
positive_90_day_momentum,month,2023-12,0
positive_90_day_momentum,month,2024-01,0
positive_90_day_momentum,month,2024-02,0
positive_90_day_momentum,month,2024-03,0
positive_90_day_momentum,month,2024-04,0
positive_90_day_momentum,month,2024-05,0
positive_90_day_momentum,month,2024-06,0
positive_90_day_momentum,month,2024-07,0
positive_90_day_momentum,month,2024-08,0
positive_90_day_momentum,month,2024-09,0
positive_90_day_momentum,month,2024-10,0
positive_90_day_momentum,month,2024-11,0
positive_90_day_momentum,month,2024-12,0
positive_90_day_momentum,month,2025-01,0
positive_90_day_momentum,month,2025-02,0
positive_90_day_momentum,month,2025-03,0
positive_90_day_momentum,month,2025-04,0
positive_90_day_momentum,month,2025-05,0
positive_90_day_momentum,month,2025-06,0
positive_90_day_momentum,month,2025-07,0
positive_90_day_momentum,month,2025-08,0
positive_90_day_momentum,month,2025-09,0
positive_90_day_momentum,month,2025-10,0
positive_90_day_momentum,month,2025-11,0
positive_90_day_momentum,month,2025-12,0
combined_momentum_and_sma200_unsized,year,2018,0
combined_momentum_and_sma200_unsized,year,2019,0.627690540628128000000000018
combined_momentum_and_sma200_unsized,year,2020,-0.1213099781708885560221269802
combined_momentum_and_sma200_unsized,year,2021,0
combined_momentum_and_sma200_unsized,year,2022,0
combined_momentum_and_sma200_unsized,year,2023,0
combined_momentum_and_sma200_unsized,year,2024,0
combined_momentum_and_sma200_unsized,year,2025,0
combined_momentum_and_sma200_unsized,month,2018-09,0
combined_momentum_and_sma200_unsized,month,2018-10,0
combined_momentum_and_sma200_unsized,month,2018-11,0
combined_momentum_and_sma200_unsized,month,2018-12,0
combined_momentum_and_sma200_unsized,month,2019-01,0
combined_momentum_and_sma200_unsized,month,2019-02,0
combined_momentum_and_sma200_unsized,month,2019-03,0
combined_momentum_and_sma200_unsized,month,2019-04,0.064048456612512000000000001
combined_momentum_and_sma200_unsized,month,2019-05,0.378721323717427248977833398
combined_momentum_and_sma200_unsized,month,2019-06,0.110544289516627443966854936
combined_momentum_and_sma200_unsized,month,2019-07,0.000060433105189548991490341
combined_momentum_and_sma200_unsized,month,2019-08,-0.0110286240955320853907229318
combined_momentum_and_sma200_unsized,month,2019-09,0.01030019689784241059987807
combined_momentum_and_sma200_unsized,month,2019-10,-0.0001435486574922541742847175
combined_momentum_and_sma200_unsized,month,2019-11,0
combined_momentum_and_sma200_unsized,month,2019-12,0
combined_momentum_and_sma200_unsized,month,2020-01,-0.0003833913968334430012045179
combined_momentum_and_sma200_unsized,month,2020-02,-0.0811067504724333609203735005
combined_momentum_and_sma200_unsized,month,2020-03,-0.0193523874007483473602640841
combined_momentum_and_sma200_unsized,month,2020-04,0
combined_momentum_and_sma200_unsized,month,2020-05,-0.0245069154702560893192809188
combined_momentum_and_sma200_unsized,month,2020-06,0
combined_momentum_and_sma200_unsized,month,2020-07,0
combined_momentum_and_sma200_unsized,month,2020-08,0
combined_momentum_and_sma200_unsized,month,2020-09,0
combined_momentum_and_sma200_unsized,month,2020-10,0
combined_momentum_and_sma200_unsized,month,2020-11,0
combined_momentum_and_sma200_unsized,month,2020-12,0
combined_momentum_and_sma200_unsized,month,2021-01,0
combined_momentum_and_sma200_unsized,month,2021-02,0
combined_momentum_and_sma200_unsized,month,2021-03,0
combined_momentum_and_sma200_unsized,month,2021-04,0
combined_momentum_and_sma200_unsized,month,2021-05,0
combined_momentum_and_sma200_unsized,month,2021-06,0
combined_momentum_and_sma200_unsized,month,2021-07,0
combined_momentum_and_sma200_unsized,month,2021-08,0
combined_momentum_and_sma200_unsized,month,2021-09,0
combined_momentum_and_sma200_unsized,month,2021-10,0
combined_momentum_and_sma200_unsized,month,2021-11,0
combined_momentum_and_sma200_unsized,month,2021-12,0
combined_momentum_and_sma200_unsized,month,2022-01,0
combined_momentum_and_sma200_unsized,month,2022-02,0
combined_momentum_and_sma200_unsized,month,2022-03,0
combined_momentum_and_sma200_unsized,month,2022-04,0
combined_momentum_and_sma200_unsized,month,2022-05,0
combined_momentum_and_sma200_unsized,month,2022-06,0
combined_momentum_and_sma200_unsized,month,2022-07,0
combined_momentum_and_sma200_unsized,month,2022-08,0
combined_momentum_and_sma200_unsized,month,2022-09,0
combined_momentum_and_sma200_unsized,month,2022-10,0
combined_momentum_and_sma200_unsized,month,2022-11,0
combined_momentum_and_sma200_unsized,month,2022-12,0
combined_momentum_and_sma200_unsized,month,2023-01,0
combined_momentum_and_sma200_unsized,month,2023-02,0
combined_momentum_and_sma200_unsized,month,2023-03,0
combined_momentum_and_sma200_unsized,month,2023-04,0
combined_momentum_and_sma200_unsized,month,2023-05,0
combined_momentum_and_sma200_unsized,month,2023-06,0
combined_momentum_and_sma200_unsized,month,2023-07,0
combined_momentum_and_sma200_unsized,month,2023-08,0
combined_momentum_and_sma200_unsized,month,2023-09,0
combined_momentum_and_sma200_unsized,month,2023-10,0
combined_momentum_and_sma200_unsized,month,2023-11,0
combined_momentum_and_sma200_unsized,month,2023-12,0
combined_momentum_and_sma200_unsized,month,2024-01,0
combined_momentum_and_sma200_unsized,month,2024-02,0
combined_momentum_and_sma200_unsized,month,2024-03,0
combined_momentum_and_sma200_unsized,month,2024-04,0
combined_momentum_and_sma200_unsized,month,2024-05,0
combined_momentum_and_sma200_unsized,month,2024-06,0
combined_momentum_and_sma200_unsized,month,2024-07,0
combined_momentum_and_sma200_unsized,month,2024-08,0
combined_momentum_and_sma200_unsized,month,2024-09,0
combined_momentum_and_sma200_unsized,month,2024-10,0
combined_momentum_and_sma200_unsized,month,2024-11,0
combined_momentum_and_sma200_unsized,month,2024-12,0
combined_momentum_and_sma200_unsized,month,2025-01,0
combined_momentum_and_sma200_unsized,month,2025-02,0
combined_momentum_and_sma200_unsized,month,2025-03,0
combined_momentum_and_sma200_unsized,month,2025-04,0
combined_momentum_and_sma200_unsized,month,2025-05,0
combined_momentum_and_sma200_unsized,month,2025-06,0
combined_momentum_and_sma200_unsized,month,2025-07,0
combined_momentum_and_sma200_unsized,month,2025-08,0
combined_momentum_and_sma200_unsized,month,2025-09,0
combined_momentum_and_sma200_unsized,month,2025-10,0
combined_momentum_and_sma200_unsized,month,2025-11,0
combined_momentum_and_sma200_unsized,month,2025-12,0
frozen_v1,year,2018,0
frozen_v1,year,2019,0.403727743674016000000000003
frozen_v1,year,2020,-0.1271298504918189443313625256
frozen_v1,year,2021,0
frozen_v1,year,2022,0
frozen_v1,year,2023,0
frozen_v1,year,2024,0
frozen_v1,year,2025,0
frozen_v1,month,2018-09,0
frozen_v1,month,2018-10,0
frozen_v1,month,2018-11,0
frozen_v1,month,2018-12,0
frozen_v1,month,2019-01,0
frozen_v1,month,2019-02,0
frozen_v1,month,2019-03,0
frozen_v1,month,2019-04,0.03771378509696
frozen_v1,month,2019-05,0.280784133669141891951873806
frozen_v1,month,2019-06,0.072938158061698108652893957
frozen_v1,month,2019-07,-0.0002118511449397272593693763
frozen_v1,month,2019-08,-0.0161601641858036399194936436
frozen_v1,month,2019-09,0.000908951827587246676664386
frozen_v1,month,2019-10,-0.0001664478327428979336571487
frozen_v1,month,2019-11,0
frozen_v1,month,2019-12,0
frozen_v1,month,2020-01,-0.0004445609576331916961905527
frozen_v1,month,2020-02,-0.0895806469438149769360951473
frozen_v1,month,2020-03,-0.0199493123718487437436716114
frozen_v1,month,2020-04,0
frozen_v1,month,2020-05,-0.021292906083202017084601162
frozen_v1,month,2020-06,0
frozen_v1,month,2020-07,0
frozen_v1,month,2020-08,0
frozen_v1,month,2020-09,0
frozen_v1,month,2020-10,0
frozen_v1,month,2020-11,0
frozen_v1,month,2020-12,0
frozen_v1,month,2021-01,0
frozen_v1,month,2021-02,0
frozen_v1,month,2021-03,0
frozen_v1,month,2021-04,0
frozen_v1,month,2021-05,0
frozen_v1,month,2021-06,0
frozen_v1,month,2021-07,0
frozen_v1,month,2021-08,0
frozen_v1,month,2021-09,0
frozen_v1,month,2021-10,0
frozen_v1,month,2021-11,0
frozen_v1,month,2021-12,0
frozen_v1,month,2022-01,0
frozen_v1,month,2022-02,0
frozen_v1,month,2022-03,0
frozen_v1,month,2022-04,0
frozen_v1,month,2022-05,0
frozen_v1,month,2022-06,0
frozen_v1,month,2022-07,0
frozen_v1,month,2022-08,0
frozen_v1,month,2022-09,0
frozen_v1,month,2022-10,0
frozen_v1,month,2022-11,0
frozen_v1,month,2022-12,0
frozen_v1,month,2023-01,0
frozen_v1,month,2023-02,0
frozen_v1,month,2023-03,0
frozen_v1,month,2023-04,0
frozen_v1,month,2023-05,0
frozen_v1,month,2023-06,0
frozen_v1,month,2023-07,0
frozen_v1,month,2023-08,0
frozen_v1,month,2023-09,0
frozen_v1,month,2023-10,0
frozen_v1,month,2023-11,0
frozen_v1,month,2023-12,0
frozen_v1,month,2024-01,0
frozen_v1,month,2024-02,0
frozen_v1,month,2024-03,0
frozen_v1,month,2024-04,0
frozen_v1,month,2024-05,0
frozen_v1,month,2024-06,0
frozen_v1,month,2024-07,0
frozen_v1,month,2024-08,0
frozen_v1,month,2024-09,0
frozen_v1,month,2024-10,0
frozen_v1,month,2024-11,0
frozen_v1,month,2024-12,0
frozen_v1,month,2025-01,0
frozen_v1,month,2025-02,0
frozen_v1,month,2025-03,0
frozen_v1,month,2025-04,0
frozen_v1,month,2025-05,0
frozen_v1,month,2025-06,0
frozen_v1,month,2025-07,0
frozen_v1,month,2025-08,0
frozen_v1,month,2025-09,0
frozen_v1,month,2025-10,0
frozen_v1,month,2025-11,0
frozen_v1,month,2025-12,0
