variant,role,scope,initial_equity_cad,final_equity_cad,net_profit_cad,gross_profit_cad,total_return,cagr,annualized_volatility,sharpe,downside_deviation,sortino,max_drawdown,max_drawdown_duration_days,calmar,average_exposure,turnover,total_fees_cad,total_slippage_cad,trade_count
cad_cash,benchmark,full_evaluation,1000,1000,0,0,0,0,0E-48,,0E-48,,0,0,,0,0,0,0,0
cad_cash,benchmark,development,1000,1000,0,,0,0,0E-48,,0E-48,,0,0,,0,,,,
cad_cash,benchmark,validation,1000,1000,0,,0,0,0E-48,,0E-48,,0,0,,0,,,,
cad_cash,benchmark,opened_v1_holdout,1000,1000,0,,0,0,0E-48,,0E-48,,0,0,,0,,,,
fee_aware_btc_buy_and_hold,benchmark,full_evaluation,1000,14286.863984417056,13286.863984417056,13425.43657594000000000000000,13.286863984417056,0.4403858523302283951290279868,0.6152623736839949500011635147,0.9047757450817935125893557798,0.4163904523242863076726101000,1.336904987766600887330846515,0.7466956382129823807136516573,842,0.5897795966562425968488705837,0.9998364853744658587123176723,2.392438112965718136705036764,123.153152704944,15.41943881800000000000000000,3
fee_aware_btc_buy_and_hold,benchmark,development,1000,3750.657927855008,2750.657927855008,,2.750657927855008,0.3529988234436072737056744801,0.7007201625929570973441308142,0.7884427745514499771373575986,0.4839117496867273152750785728,1.141691123508769703820521745,0.7466956382129823807136516573,483,0.4727479382207403391125084994,0.9997274762210063483553248530,,,,
fee_aware_btc_buy_and_hold,benchmark,validation,3750.657927855008,10456.888248223392,6706.230320368384,,1.788014382906857236970193525,1.020749843215124600349272766,0.4795412950521698715539377601,1.704429236896831168681433583,0.2859934608630533535697405530,2.857912209320301722723831529,0.2264028257000332037770052388,126,4.508556110370909117401392943,0.9999999970721800156669567532,,,,
fee_aware_btc_buy_and_hold,benchmark,opened_v1_holdout,10456.888248223392,14286.863984417056,3829.975736193664,,0.366263428017830307818762572,0.2387648017091451246928775127,0.4363505738872089131054979886,0.7072176422975429607643206988,0.2874061750320830266728611029,1.073723708424996076708446921,0.3222381391666381805542177159,156,0.7409576108111563310620604824,0.9999999988604144128723004044,,,,
sealed_frozen_v1_persistent_disarm,sealed_reference,full_evaluation,1000.0000,1225.272045489520,225.272045489520,278.3083437101539556157289755,0.22527204548952,0.02826995228023010752395930603,0.07950192137891526087688747167,0.3901626005703091029948867558,0.05084884601716082972128329423,0.6100173125869057009286923745,0.2083148627765723741034545679,2380,0.1357078026187261524334837372,0.03035516230697729516191319085,4.802753081360339631214857792,47.122083667480,5.914214553153955615728975546,56
sealed_frozen_v1_persistent_disarm,sealed_reference,development,1000.0000,1225.272045489520,225.272045489520,,0.22527204548952,0.04755933556937548227249363026,0.1026352744331943844148794374,0.5037053609878010815232034505,0.06564566933627021289798588171,0.7875300607208574149354616159,0.2083148627765723741034545679,1316,0.2283050519558229410215948266,0.05059207806464858070904737555,,,,
sealed_frozen_v1_persistent_disarm,sealed_reference,validation,1225.272045489520,1225.272045489520,0E-12,,0,0,0E-48,,0E-48,,0,0,,0,,,,
sealed_frozen_v1_persistent_disarm,sealed_reference,opened_v1_holdout,1225.272045489520,1225.272045489520,0E-12,,0,0,0E-48,,0E-48,,0,0,,0,,,,
no_drawdown_gate,counterfactual,full_evaluation,1000.0000,3028.900851916576,2028.900851916576,2277.832698138393459750033645,2.028900851916576,0.1642366604121606210911484131,0.1470442376623354737241478313,1.107440359995421611833003518,0.09162396564656379751808621151,1.777293990091950051759705501,0.2364745802721319256390654340,1035,0.6945214163110435408019462610,0.1819622321629774689118471105,13.02846523769484632753527363,221.228785141424,27.70306108039345975003364544,358
no_drawdown_gate,counterfactual,development,1000.0000,2156.241416795888,1156.241416795888,,1.156241416795888,0.1921091892613442128307769272,0.1662917188346175511905314709,1.139579491999980954788375308,0.1044856526472275638665835593,1.813671328762910511092231873,0.2364745802721319256390654340,657,0.8123883296050992556097889106,0.1702772113254046056907514275,,,,
no_drawdown_gate,counterfactual,validation,2156.241416795888,2810.830841979712,654.589425183824,,0.303578912864276968418213674,0.1994843731025661566422656174,0.1373355131848126434977725288,1.392895962748955612805536043,0.08052893519192831511866268024,2.375470151210388049406122110,0.0654263946411031410034772774,234,3.048989237399352616923130472,0.2509147611046891733956586116,,,,
no_drawdown_gate,counterfactual,opened_v1_holdout,2810.830841979712,3028.900851916576,218.070009936864,,0.077582046802672013859143719,0.05260121262167096085551654820,0.07942727444294012578958403202,0.6850568066359802046437662302,0.05232727637803430296556045688,1.039843820583810480975967629,0.0710621516064087808296420674,379,0.7402141848028014166984950106,0.1480645216859301023606789411,,,,
mechanical_90d_trend_rearm,counterfactual,full_evaluation,1000.0000,2792.128623894256,1792.128623894256,2044.744862767803111269016775,1.792128623894256,0.1513056668211180126911993198,0.1483029825474760799098198778,1.023981200063019613735581088,0.09312380071745424268342664397,1.630726676444881300815754813,0.2811374180307440141354761957,1035,0.5381911375616740449341937089,0.1753656749199739301207055026,14.37707708242940298032957628,224.503573296744,28.11266557680311126901677511,348
mechanical_90d_trend_rearm,counterfactual,development,1000.0000,1919.964631287824,919.964631287824,,0.919964631287824,0.1608836360524782864433316182,0.1625824724915846999937210537,0.9985867789299680814873468005,0.1034905915692224684357596493,1.568767798638465877190464543,0.2811374180307440141354761957,657,0.5722597766579926539006410073,0.1454037868782024410648533011,,,,
mechanical_90d_trend_rearm,counterfactual,validation,1919.964631287824,2574.058613957392,654.093982669568,,0.340680225047079033877291005,0.2228032312175953972029956593,0.1524823369811240077108017172,1.395108377548499181967531931,0.08945962701726721072669496842,2.377937320367757472609780705,0.0732864431155572934821421256,234,3.040169801477220053075120299,0.2797954366396938275741739403,,,,
mechanical_90d_trend_rearm,counterfactual,opened_v1_holdout,2574.058613957392,2792.128623894256,218.070009936864,,0.084718354412916907899450639,0.05737890256818600495949388369,0.08631659207738213884488908819,0.6894391870235483331845002229,0.05680071631934393396849844128,1.047698777844584660380912759,0.0768695080289467710522513945,379,0.7464455548041079745379481177,0.1608209515551415622514800562,,,,
